default,default,default,default,6580.608955860138
linear,0.1,None,None,3209.8397557735443
linear,1,None,None,3195.633619785309
poly,1000,2,None,3943.2521636486053
poly,1000,3,None,4580.319270610809
rbf,1000,None,0.000001,3252.951491355896
rbf,1000,None,0.0001,5071.280635356903
