default,default,default,default,6545.1875030994415
linear,0.1,None,None,3195.5888090133667
linear,1,None,None,3198.6835503578186
poly,1000,2,None,3944.4082157611847
poly,1000,3,None,4555.8786544799805
rbf,1000,None,0.000001,3259.217823266983
rbf,1000,None,0.0001,5089.336026191711
