default,default,default,default,5200.528998374939
linear,0.1,None,None,2501.450922012329
linear,1,None,None,2475.9943499565125
poly,1000,2,None,1536.33527135849
poly,1000,3,None,1886.2453775405884
rbf,1000,None,0.000001,1290.328392982483
rbf,1000,None,0.0001,1429.5930194854736
