default,default,default,default,5432.727328300476
linear,0.1,None,None,2593.092882871628
linear,1,None,None,2571.4997131824493
poly,1000,2,None,1549.7199335098267
poly,1000,3,None,1884.4567391872406
rbf,1000,None,0.000001,1275.3799724578857
rbf,1000,None,0.0001,1408.8545744419098
