Kernel,C,degree,gamma,fit time
linear,0.1,None,None,0.00800013542175
linear,1000,None,None,0.00499987602234
rbf,0.1,None,0.000001,0.0149998664856
rbf,0.1,None,0.01,0.0160000324249
rbf,1000,None,0.000001,0.00699996948242
rbf,1000,None,0.01,0.021999835968
poly,0.1,2,None,0.0169999599457
poly,1000,2,None,0.007000207901
poly,0.1,3,None,0.0119998455048
poly,1000,3,None,0.00500011444092
