linear,0.1,None,None,244.96600008
linear,1000,None,None,251.478999853
rbf,0.1,None,0.000001,5510.88000011
rbf,0.1,None,0.01,6695.49699998
rbf,1000,None,0.000001,257.559999943
rbf,1000,None,0.01,6729.03500009
poly,0.1,2,None,1682.25099993
poly,1000,2,None,306.610000134
poly,0.1,3,None,2309.07200003
poly,1000,3,None,372.845999956
