linear,0.1,None,None,244.96600008
linear,1000,None,None,251.478999853
