default,default,default,default,11.694437503814697
linear,0.1,None,None,7.075496435165405
linear,1,None,None,7.080993890762329
poly,1000,2,None,7.583098888397217
poly,1000,3,None,7.776640176773071
rbf,1000,None,0.000001,7.608963251113892
rbf,1000,None,0.0001,8.970243215560913
