default,default,default,default,9372.000418663025
linear,0.1,None,None,4789.232027053833
linear,1,None,None,4795.947306156158
poly,1000,2,None,5919.8484053611755
poly,1000,3,None,6933.310643672943
rbf,1000,None,0.000001,4865.611836910248
rbf,1000,None,0.0001,8834.238357067108
