default,default,default,default,9291.007058620453
linear,0.1,None,None,4706.663363695145
linear,1,None,None,4709.6328997612
poly,1000,2,None,5800.116921424866
poly,1000,3,None,6752.600585460663
rbf,1000,None,0.000001,4745.027186632156
rbf,1000,None,0.0001,8715.4212372303
