default,default,default,default,6133.483945131302
linear,0.1,None,None,2992.9098999500275
linear,1,None,None,2997.61327958107
poly,1000,2,None,3675.258858203888
poly,1000,3,None,4221.678678274155
rbf,1000,None,0.000001,3060.4760076999664
rbf,1000,None,0.0001,4773.051886796951
