default,default,default,default,8977.236338615417
linear,0.1,None,None,4581.904781103134
linear,1,None,None,4580.998958826065
poly,1000,2,None,5650.635042667389
poly,1000,3,None,6597.682911157608
rbf,1000,None,0.000001,4660.834917545319
rbf,1000,None,0.0001,8540.578984498978
