default,default,default,default,9495.658989906311
linear,0.1,None,None,4847.235809087753
linear,1,None,None,4849.100444078445
poly,1000,2,None,6029.839521884918
poly,1000,3,None,7094.1906843185425
rbf,1000,None,0.000001,4920.692968845367
rbf,1000,None,0.0001,8959.540777683258
