default,default,default,default,4981.342265844345
linear,0.1,None,None,2390.4071090221405
linear,1,None,None,2390.386246442795
poly,1000,2,None,1427.9983842372894
poly,1000,3,None,1739.1554143428802
rbf,1000,None,0.000001,1183.2507147789001
rbf,1000,None,0.0001,1302.3352015018463
