default,default,default,default,5381.093482255936
linear,0.1,None,None,2579.5944106578827
linear,1,None,None,2569.411308288574
poly,1000,2,None,1558.3311252593994
poly,1000,3,None,1902.1304850578308
rbf,1000,None,0.000001,1284.802102804184
rbf,1000,None,0.0001,1402.307945728302
