default,default,default,default,9531.07183265686
linear,0.1,None,None,4862.738664150238
linear,1,None,None,4869.509672403336
