default,default,default,default,6568.208606958389
linear,0.1,None,None,3289.1367840766907
linear,1,None,None,3285.5005190372467
poly,1000,2,None,4006.822152376175
poly,1000,3,None,4598.692592859268
rbf,1000,None,0.000001,3245.3728799819946
rbf,1000,None,0.0001,4940.321975946426
