default,default,default,default,6512.896777629852
linear,0.1,None,None,3195.525497198105
linear,1,None,None,3194.3558626174927
poly,1000,2,None,3912.329973936081
poly,1000,3,None,4507.292868614197
rbf,1000,None,0.000001,3258.71550321579
rbf,1000,None,0.0001,5023.066715955734
