default,default,default,default,5409.084895133972
linear,0.1,None,None,2585.87877035141
linear,1,None,None,2569.6363735198975
poly,1000,2,None,1561.313600063324
poly,1000,3,None,1905.3513872623444
rbf,1000,None,0.000001,1279.646446466446
rbf,1000,None,0.0001,1410.0109066963196
