default,default,default,default,26.499682903289795
linear,0.1,None,None,14.73404860496521
linear,1,None,None,14.640360116958618
poly,1000,2,None,15.880136489868164
poly,1000,3,None,15.955596208572388
rbf,1000,None,0.000001,16.585089206695557
rbf,1000,None,0.0001,25.80283808708191
